{
  "hash": "b8b78a76",
  "configHash": "77daa0e0",
  "lockfileHash": "2cd9fa39",
  "browserHash": "3c4e41f1",
  "optimized": {
    "@angular/core": {
      "src": "../../../../../../node_modules/@angular/core/fesm2022/core.mjs",
      "file": "@angular_core.js",
      "fileHash": "03fd176e",
      "needsInterop": false
    },
    "@angular/forms": {
      "src": "../../../../../../node_modules/@angular/forms/fesm2022/forms.mjs",
      "file": "@angular_forms.js",
      "fileHash": "cc686c87",
      "needsInterop": false
    },
    "@angular/platform-browser": {
      "src": "../../../../../../node_modules/@angular/platform-browser/fesm2022/platform-browser.mjs",
      "file": "@angular_platform-browser.js",
      "fileHash": "08ae2e2b",
      "needsInterop": false
    },
    "@angular/router": {
      "src": "../../../../../../node_modules/@angular/router/fesm2022/router.mjs",
      "file": "@angular_router.js",
      "fileHash": "d3adba87",
      "needsInterop": false
    },
    "@angular/common": {
      "src": "../../../../../../node_modules/@angular/common/fesm2022/common.mjs",
      "file": "@angular_common.js",
      "fileHash": "e74146b8",
      "needsInterop": false
    }
  },
  "chunks": {
    "chunk-OQQBWJDO": {
      "file": "chunk-OQQBWJDO.js"
    },
    "chunk-HQY25O2T": {
      "file": "chunk-HQY25O2T.js"
    },
    "chunk-H74R6L4S": {
      "file": "chunk-H74R6L4S.js"
    }
  }
}